-- ═══════════════════════════════════════════════════════════════
-- GOVERNMENT DATABASE SYSTEM (govt_db)
-- Full MySQL Script: Create Database + 3 Tables + Insert All Records
-- Developer: Srihari
-- ═══════════════════════════════════════════════════════════════

CREATE DATABASE IF NOT EXISTS govt_db;
USE govt_db;

-- ═══════════════════════════════════════════════════════════════
-- TABLE 1: departments (50 records)
-- ═══════════════════════════════════════════════════════════════

CREATE TABLE IF NOT EXISTS departments (
    dept_id   INT PRIMARY KEY AUTO_INCREMENT,
    dept_name VARCHAR(100) NOT NULL,
    location  VARCHAR(100) NOT NULL,
    head_name VARCHAR(100) NOT NULL,
    budget    DECIMAL(15,2) NOT NULL
);

INSERT INTO departments (dept_id, dept_name, location, head_name, budget) VALUES
(1,  'Police',    'Chennai',    'Ramesh',   5000000),
(2,  'Education', 'Chennai',    'Lakshmi',  3000000),
(3,  'Transport', 'Coimbatore', 'Karthik',  2500000),
(4,  'Health',    'Madurai',    'Meena',    4000000),
(5,  'Revenue',   'Salem',      'Murugan',  2000000),
(6,  'Police',    'Madurai',    'Suresh',   4500000),
(7,  'Education', 'Trichy',     'Anitha',   2800000),
(8,  'Transport', 'Chennai',    'Prakash',  2600000),
(9,  'Health',    'Coimbatore', 'Divya',    4200000),
(10, 'Revenue',   'Erode',      'Saravanan',2200000),
(11, 'Police',    'Trichy',     'Vignesh',  5100000),
(12, 'Education', 'Madurai',    'Kavya',    3100000),
(13, 'Transport', 'Salem',      'Aravind',  2700000),
(14, 'Health',    'Chennai',    'Nithya',   4300000),
(15, 'Revenue',   'Coimbatore', 'Raja',     2300000),
(16, 'Police',    'Erode',      'Mani',     4600000),
(17, 'Education', 'Salem',      'Swathi',   2900000),
(18, 'Transport', 'Madurai',    'Logesh',   2550000),
(19, 'Health',    'Trichy',     'Malar',    4100000),
(20, 'Revenue',   'Chennai',    'Hari',     2400000),
(21, 'Police',    'Coimbatore', 'Kannan',   5200000),
(22, 'Education', 'Erode',      'Preethi',  3050000),
(23, 'Transport', 'Trichy',     'Selvam',   2650000),
(24, 'Health',    'Salem',      'Bhavani',  4400000),
(25, 'Revenue',   'Madurai',    'Prabhu',   2100000),
(26, 'Police',    'Chennai',    'Sathish',  5300000),
(27, 'Education', 'Coimbatore', 'Anu',      3200000),
(28, 'Transport', 'Erode',      'Dhanush',  2750000),
(29, 'Health',    'Madurai',    'Kala',     4500000),
(30, 'Revenue',   'Trichy',     'Usha',     2250000),
(31, 'Police',    'Salem',      'Karthikeyan',5400000),
(32, 'Education', 'Chennai',    'Gayathri', 3300000),
(33, 'Transport', 'Madurai',    'Chandran', 2800000),
(34, 'Health',    'Coimbatore', 'Sindhu',   4600000),
(35, 'Revenue',   'Erode',      'Jegan',    2350000),
(36, 'Police',    'Trichy',     'Arun',     5500000),
(37, 'Education', 'Salem',      'Radha',    3400000),
(38, 'Transport', 'Chennai',    'Balaji',   2850000),
(39, 'Health',    'Erode',      'Devi',     4700000),
(40, 'Revenue',   'Coimbatore', 'Muthu',    2450000),
(41, 'Police',    'Madurai',    'Ravi',     5600000),
(42, 'Education', 'Trichy',     'Latha',    3500000),
(43, 'Transport', 'Coimbatore', 'Ashok',    2900000),
(44, 'Health',    'Chennai',    'Hema',     4800000),
(45, 'Revenue',   'Salem',      'Kumar',    2550000),
(46, 'Police',    'Erode',      'Senthil',  5700000),
(47, 'Education', 'Madurai',    'Thenmozhi',3600000),
(48, 'Transport', 'Trichy',     'Karthi',   2950000),
(49, 'Health',    'Salem',      'Ranjani',  4900000),
(50, 'Revenue',   'Chennai',    'Jaya',     2650000);

-- ═══════════════════════════════════════════════════════════════
-- TABLE 2: officers (100 records)
-- ═══════════════════════════════════════════════════════════════

CREATE TABLE IF NOT EXISTS officers (
    officer_id  INT PRIMARY KEY AUTO_INCREMENT,
    name        VARCHAR(100) NOT NULL,
    department  VARCHAR(100) NOT NULL,
    designation VARCHAR(100) NOT NULL,
    salary      DECIMAL(10,2) NOT NULL,
    city        VARCHAR(100) NOT NULL,
    age         INT NOT NULL,
    dept_id     INT,
    FOREIGN KEY (dept_id) REFERENCES departments(dept_id)
);

INSERT INTO officers (officer_id, name, department, designation, salary, city, age, dept_id) VALUES
(1,  'Arjun Kumar',   'Police',    'Inspector',     55000, 'Chennai',    35, 1),
(2,  'Priya',         'Education', 'Teacher',        45000, 'Chennai',    28, 2),
(3,  'Karthik Raj',   'Transport', 'Manager',        52000, 'Coimbatore', 40, 3),
(4,  'Divya',         'Health',    'Doctor',         78000, 'Madurai',    32, 4),
(5,  'Vijay Kumar',   'Revenue',   'Officer',        60000, 'Salem',      38, 5),
(6,  'Kavya',         'Police',    'Sub Inspector',  70000, 'Chennai',    30, 1),
(7,  'Suresh Kumar',  'Transport', 'Supervisor',     42000, 'Trichy',     45, 3),
(8,  'Anitha',        'Health',    'Nurse',          40000, 'Madurai',    27, 4),
(9,  'Ramesh Kumar',  'Revenue',   'Clerk',          37000, 'Erode',      33, 5),
(10, 'Lakshmi',       'Education', 'Teacher',        46000, 'Chennai',    29, 2),
(11, 'Prakash Raj',   'Police',    'Inspector',      58000, 'Coimbatore', 36, 1),
(12, 'Meena',         'Health',    'Doctor',         80000, 'Salem',      34, 4),
(13, 'Senthil Kumar', 'Transport', 'Manager',        53000, 'Trichy',     42, 3),
(14, 'Revathi',       'Education', 'Teacher',        47000, 'Madurai',    31, 2),
(15, 'Murugan',       'Revenue',   'Officer',        62000, 'Erode',      39, 5),
(16, 'Nithya',        'Police',    'Sub Inspector',  49000, 'Chennai',    26, 1),
(17, 'Anand Kumar',   'Transport', 'Supervisor',     43000, 'Salem',      44, 3),
(18, 'Swathi',        'Health',    'Nurse',          41000, 'Coimbatore', 28, 4),
(19, 'Kannan',        'Revenue',   'Clerk',          38000, 'Trichy',     34, 5),
(20, 'Harini',        'Education', 'Teacher',        45000, 'Chennai',    27, 2),
(21, 'Gokul Raj',     'Police',    'Inspector',      56000, 'Madurai',    37, 1),
(22, 'Deepa',         'Health',    'Doctor',         77000, 'Chennai',    33, 4),
(23, 'Saravanan',     'Revenue',   'Officer',        61000, 'Coimbatore', 40, 5),
(24, 'Janani',        'Education', 'Teacher',        44000, 'Salem',      29, 2),
(25, 'Mani Kumar',    'Transport', 'Manager',        54000, 'Trichy',     41, 3),
(26, 'Keerthana',     'Police',    'Sub Inspector',  50000, 'Erode',      28, 1),
(27, 'Baskar',        'Health',    'Nurse',          42000, 'Madurai',    30, 4),
(28, 'Latha',         'Revenue',   'Clerk',          39000, 'Chennai',    35, 5),
(29, 'Kumaravel',     'Education', 'Principal',      82000, 'Coimbatore', 50, 2),
(30, 'Shalini',       'Transport', 'Supervisor',     43000, 'Salem',      43, 3),
(31, 'Ravi Kumar',    'Police',    'Inspector',      57000, 'Trichy',     38, 1),
(32, 'Anu',           'Health',    'Doctor',         76000, 'Chennai',    31, 4),
(33, 'Siva Kumar',    'Revenue',   'Officer',        62000, 'Madurai',    41, 5),
(34, 'Gayathri',      'Education', 'Teacher',        43000, 'Erode',      28, 2),
(35, 'Raj Kumar',     'Transport', 'Manager',        51000, 'Coimbatore', 40, 3),
(36, 'Uma',           'Police',    'Sub Inspector',  48000, 'Salem',      27, 1),
(37, 'Mohan',         'Health',    'Nurse',          41000, 'Trichy',     29, 4),
(38, 'Radha',         'Revenue',   'Clerk',          38000, 'Chennai',    33, 5),
(39, 'Elango',        'Education', 'Principal',      83000, 'Madurai',    52, 2),
(40, 'Preethi',       'Transport', 'Supervisor',     44000, 'Coimbatore', 42, 3),
(41, 'Karthikeyan',   'Police',    'Inspector',      59000, 'Salem',      36, 1),
(42, 'Nandhini',      'Health',    'Doctor',         79000, 'Trichy',     32, 4),
(43, 'Dhanush',       'Revenue',   'Officer',        63000, 'Chennai',    39, 5),
(44, 'Pavithra',      'Education', 'Teacher',        45000, 'Madurai',    27, 2),
(45, 'Selvam',        'Transport', 'Manager',        55000, 'Erode',      43, 3),
(46, 'Aishwarya',     'Police',    'Sub Inspector',  50000, 'Coimbatore', 26, 1),
(47, 'Thiru',         'Health',    'Nurse',          42000, 'Salem',      31, 4),
(48, 'Kalpana',       'Revenue',   'Clerk',          40000, 'Trichy',     34, 5),
(49, 'Velmurugan',    'Education', 'Principal',      84000, 'Chennai',    54, 2),
(50, 'Ranjani',       'Transport', 'Supervisor',     46000, 'Madurai',    41, 3),
(51, 'Aravind',       'Police',    'Inspector',      58000, 'Erode',      37, 1),
(52, 'Bhavani',       'Health',    'Doctor',         77000, 'Coimbatore', 33, 4),
(53, 'Prabhu',        'Revenue',   'Officer',        64000, 'Salem',      40, 5),
(54, 'Sangeetha',     'Education', 'Teacher',        46000, 'Trichy',     29, 2),
(55, 'Logesh',        'Transport', 'Manager',        52000, 'Chennai',    42, 3),
(56, 'Sindhu',        'Police',    'Sub Inspector',  51000, 'Madurai',    27, 1),
(57, 'Hari',          'Health',    'Nurse',          43000, 'Erode',      30, 4),
(58, 'Vidhya',        'Revenue',   'Clerk',          41000, 'Coimbatore', 35, 5),
(59, 'Perumal',       'Education', 'Principal',      85000, 'Salem',      55, 2),
(60, 'Kokila',        'Transport', 'Supervisor',     47000, 'Trichy',     43, 3),
(61, 'Sathish',       'Police',    'Inspector',      60000, 'Chennai',    38, 1),
(62, 'Malar',         'Health',    'Doctor',         78000, 'Madurai',    34, 4),
(63, 'Yuvaraj',       'Revenue',   'Officer',        65000, 'Coimbatore', 41, 5),
(64, 'Indhu',         'Education', 'Teacher',        44000, 'Salem',      28, 2),
(65, 'Chandran',      'Transport', 'Manager',        53000, 'Trichy',     44, 3),
(66, 'Ramya',         'Police',    'Sub Inspector',  50000, 'Erode',      26, 1),
(67, 'Jegan',         'Health',    'Nurse',          42000, 'Chennai',    29, 4),
(68, 'Devi',          'Revenue',   'Clerk',          39000, 'Madurai',    32, 5),
(69, 'Marimuthu',     'Education', 'Principal',      86000, 'Coimbatore', 56, 2),
(70, 'Hema',          'Transport', 'Supervisor',     48000, 'Salem',      42, 3),
(71, 'Vignesh',       'Police',    'Inspector',      61000, 'Trichy',     39, 1),
(72, 'Kala',          'Health',    'Doctor',         79000, 'Erode',      35, 4),
(73, 'Raja',          'Revenue',   'Officer',        66000, 'Chennai',    42, 5),
(74, 'Thenmozhi',     'Education', 'Teacher',        45000, 'Madurai',    30, 2),
(75, 'Karthi',        'Transport', 'Manager',        54000, 'Coimbatore', 43, 3),
(76, 'Suganya',       'Police',    'Sub Inspector',  52000, 'Salem',      28, 1),
(77, 'Ashok',         'Health',    'Nurse',          43000, 'Trichy',     31, 4),
(78, 'Usha',          'Revenue',   'Clerk',          40000, 'Erode',      34, 5),
(79, 'Muthu',         'Education', 'Principal',      87000, 'Chennai',    57, 2),
(80, 'Jaya',          'Transport', 'Supervisor',     49000, 'Madurai',    44, 3),
(81, 'Ramesh',        'Police',    'Inspector',      62000, 'Chennai',    40, 1),
(82, 'Geetha',        'Health',    'Doctor',         80000, 'Madurai',    36, 4),
(83, 'Kumar',         'Revenue',   'Officer',        67000, 'Coimbatore', 43, 5),
(84, 'Vani',          'Education', 'Teacher',        46000, 'Salem',      29, 2),
(85, 'Sankar',        'Transport', 'Manager',        55000, 'Trichy',     45, 3),
(86, 'Lalitha',       'Police',    'Sub Inspector',  53000, 'Erode',      27, 1),
(87, 'Pradeep',       'Health',    'Nurse',          44000, 'Chennai',    32, 4),
(88, 'Sujatha',       'Revenue',   'Clerk',          41000, 'Madurai',    35, 5),
(89, 'Balaji',        'Education', 'Principal',      88000, 'Coimbatore', 58, 2),
(90, 'Rathi',         'Transport', 'Supervisor',     50000, 'Salem',      43, 3),
(91, 'Arun',          'Police',    'Inspector',      63000, 'Trichy',     41, 1),
(92, 'Mythili',       'Health',    'Doctor',         81000, 'Erode',      37, 4),
(93, 'Kishore',       'Revenue',   'Officer',        68000, 'Chennai',    44, 5),
(94, 'Nalini',        'Education', 'Teacher',        47000, 'Madurai',    30, 2),
(95, 'Suresh',        'Transport', 'Manager',        56000, 'Coimbatore', 46, 3),
(96, 'Uma Devi',      'Police',    'Sub Inspector',  54000, 'Salem',      29, 1),
(97, 'Manoj',         'Health',    'Nurse',          45000, 'Trichy',     33, 4),
(98, 'Kalaivani',     'Revenue',   'Clerk',          42000, 'Erode',      36, 5),
(99, 'Senthil',       'Education', 'Principal',      89000, 'Chennai',    59, 2),
(100,'Revathi Devi',  'Transport', 'Supervisor',     51000, 'Madurai',    44, 3);

-- ═══════════════════════════════════════════════════════════════
-- TABLE 3: salaries (100 records)
-- ═══════════════════════════════════════════════════════════════

CREATE TABLE IF NOT EXISTS salaries (
    salary_id    INT PRIMARY KEY AUTO_INCREMENT,
    officer_id   INT NOT NULL,
    basic_salary DECIMAL(10,2) NOT NULL,
    deductions   DECIMAL(10,2) NOT NULL,
    net_salary   DECIMAL(10,2) NOT NULL,
    FOREIGN KEY (officer_id) REFERENCES officers(officer_id)
);

INSERT INTO salaries (salary_id, officer_id, basic_salary, deductions, net_salary) VALUES
(255,  1,  55000, 5500, 49500),
(256,  2,  45000, 4500, 40500),
(257,  3,  52000, 5200, 46800),
(258,  4,  78000, 7800, 70200),
(259,  5,  60000, 6000, 54000),
(260,  6,  70000, 7000, 63000),
(261,  7,  42000, 4200, 37800),
(262,  8,  40000, 4000, 36000),
(263,  9,  37000, 3700, 33300),
(264, 10,  46000, 4600, 41400),
(265, 11,  58000, 5800, 52200),
(266, 12,  80000, 8000, 72000),
(267, 13,  53000, 5300, 47700),
(268, 14,  47000, 4700, 42300),
(269, 15,  62000, 6200, 55800),
(270, 16,  49000, 4900, 44100),
(271, 17,  43000, 4300, 38700),
(272, 18,  41000, 4100, 36900),
(273, 19,  38000, 3800, 34200),
(274, 20,  45000, 4500, 40500),
(275, 21,  56000, 5600, 50400),
(276, 22,  77000, 7700, 69300),
(277, 23,  61000, 6100, 54900),
(278, 24,  44000, 4400, 39600),
(279, 25,  54000, 5400, 48600),
(280, 26,  50000, 5000, 45000),
(281, 27,  42000, 4200, 37800),
(282, 28,  39000, 3900, 35100),
(283, 29,  82000, 8200, 73800),
(284, 30,  43000, 4300, 38700),
(285, 31,  57000, 5700, 51300),
(286, 32,  76000, 7600, 68400),
(287, 33,  62000, 6200, 55800),
(288, 34,  43000, 4300, 38700),
(289, 35,  51000, 5100, 45900),
(290, 36,  48000, 4800, 43200),
(291, 37,  41000, 4100, 36900),
(292, 38,  38000, 3800, 34200),
(293, 39,  83000, 8300, 74700),
(294, 40,  44000, 4400, 39600),
(295, 41,  59000, 5900, 53100),
(296, 42,  79000, 7900, 71100),
(297, 43,  63000, 6300, 56700),
(298, 44,  45000, 4500, 40500),
(299, 45,  55000, 5500, 49500),
(300, 46,  50000, 5000, 45000),
(301, 47,  42000, 4200, 37800),
(302, 48,  40000, 4000, 36000),
(303, 49,  84000, 8400, 75600),
(304, 50,  46000, 4600, 41400),
(305, 51,  58000, 5800, 52200),
(306, 52,  77000, 7700, 69300),
(307, 53,  64000, 6400, 57600),
(308, 54,  46000, 4600, 41400),
(309, 55,  52000, 5200, 46800),
(310, 56,  51000, 5100, 45900),
(311, 57,  43000, 4300, 38700),
(312, 58,  41000, 4100, 36900),
(313, 59,  85000, 8500, 76500),
(314, 60,  47000, 4700, 42300),
(315, 61,  60000, 6000, 54000),
(316, 62,  78000, 7800, 70200),
(317, 63,  65000, 6500, 58500),
(318, 64,  44000, 4400, 39600),
(319, 65,  53000, 5300, 47700),
(320, 66,  50000, 5000, 45000),
(321, 67,  42000, 4200, 37800),
(322, 68,  39000, 3900, 35100),
(323, 69,  86000, 8600, 77400),
(324, 70,  48000, 4800, 43200),
(325, 71,  61000, 6100, 54900),
(326, 72,  79000, 7900, 71100),
(327, 73,  66000, 6600, 59400),
(328, 74,  45000, 4500, 40500),
(329, 75,  54000, 5400, 48600),
(330, 76,  52000, 5200, 46800),
(331, 77,  43000, 4300, 38700),
(332, 78,  40000, 4000, 36000),
(333, 79,  87000, 8700, 78300),
(334, 80,  49000, 4900, 44100),
(335, 81,  62000, 6200, 55800),
(336, 82,  80000, 8000, 72000),
(337, 83,  67000, 6700, 60300),
(338, 84,  46000, 4600, 41400),
(339, 85,  55000, 5500, 49500),
(340, 86,  53000, 5300, 47700),
(341, 87,  44000, 4400, 39600),
(342, 88,  41000, 4100, 36900),
(343, 89,  88000, 8800, 79200),
(344, 90,  50000, 5000, 45000),
(345, 91,  63000, 6300, 56700),
(346, 92,  81000, 8100, 72900),
(347, 93,  68000, 6800, 61200),
(348, 94,  47000, 4700, 42300),
(349, 95,  56000, 5600, 50400),
(350, 96,  54000, 5400, 48600),
(351, 97,  45000, 4500, 40500),
(352, 98,  42000, 4200, 37800),
(353, 99,  89000, 8900, 80100),
(354, 100, 51000, 5100, 45900);

-- ═══════════════════════════════════════════════════════════════
-- VERIFY RECORD COUNTS
-- ═══════════════════════════════════════════════════════════════

SELECT 'departments' AS table_name, COUNT(*) AS total_records FROM departments
UNION ALL
SELECT 'officers',                  COUNT(*)                  FROM officers
UNION ALL
SELECT 'salaries',                  COUNT(*)                  FROM salaries;